{
  "training_datetime_utc": "2026-04-13T14:54:12+00:00",
  "algorithm": "XGBoostClassifier",
  "search": {
    "best_params": {
      "classifier__subsample": 0.85,
      "classifier__reg_lambda": 8.0,
      "classifier__reg_alpha": 0.0,
      "classifier__n_estimators": 1400,
      "classifier__min_child_weight": 3,
      "classifier__max_depth": 10,
      "classifier__learning_rate": 0.03,
      "classifier__gamma": 0.1,
      "classifier__colsample_bytree": 0.65
    },
    "best_cv_score_f1_weighted": 0.9149770343092728
  },
  "test_metrics": {
    "accuracy": 0.9462809917355371,
    "balanced_accuracy": 0.9398151439744045,
    "precision_weighted": 0.9466223499820337,
    "recall_weighted": 0.9462809917355371,
    "f1_weighted": 0.9460256686758998,
    "classification_report": {
      "favorable": {
        "precision": 0.9565217391304348,
        "recall": 0.9072164948453608,
        "f1-score": 0.9312169312169312,
        "support": 97.0
      },
      "non_favorable": {
        "precision": 0.94,
        "recall": 0.9724137931034482,
        "f1-score": 0.9559322033898305,
        "support": 145.0
      },
      "accuracy": 0.9462809917355371,
      "macro avg": {
        "precision": 0.9482608695652174,
        "recall": 0.9398151439744045,
        "f1-score": 0.9435745673033809,
        "support": 242.0
      },
      "weighted avg": {
        "precision": 0.9466223499820337,
        "recall": 0.9462809917355371,
        "f1-score": 0.9460256686758998,
        "support": 242.0
      }
    },
    "confusion_matrix": {
      "labels": [
        "favorable",
        "non_favorable"
      ],
      "values": [
        [
          88,
          9
        ],
        [
          4,
          141
        ]
      ]
    },
    "log_loss": 0.1814608684463325
  },
  "train_distribution": {
    "favorable": {
      "count": 388,
      "ratio": 0.4008
    },
    "non_favorable": {
      "count": 580,
      "ratio": 0.5992
    }
  },
  "test_distribution": {
    "favorable": {
      "count": 97,
      "ratio": 0.4008
    },
    "non_favorable": {
      "count": 145,
      "ratio": 0.5992
    }
  }
}