{
  "training_datetime_utc": "2026-04-13T21:06:03+00:00",
  "algorithm": "XGBoostClassifier",
  "search": {
    "best_params": {
      "classifier__subsample": 0.85,
      "classifier__reg_lambda": 3.0,
      "classifier__reg_alpha": 2.0,
      "classifier__n_estimators": 700,
      "classifier__min_child_weight": 5,
      "classifier__max_depth": 6,
      "classifier__learning_rate": 0.03,
      "classifier__gamma": 0.3,
      "classifier__colsample_bytree": 0.8
    },
    "best_cv_score_f1_weighted": 0.8913518745408041
  },
  "test_metrics": {
    "accuracy": 0.9462809917355371,
    "balanced_accuracy": 0.9466405972271597,
    "precision_weighted": 0.9468362239553021,
    "recall_weighted": 0.9462809917355371,
    "f1_weighted": 0.9464092583500104,
    "classification_report": {
      "favorable": {
        "precision": 0.92,
        "recall": 0.9484536082474226,
        "f1-score": 0.934010152284264,
        "support": 97.0
      },
      "non_favorable": {
        "precision": 0.9647887323943662,
        "recall": 0.9448275862068966,
        "f1-score": 0.9547038327526133,
        "support": 145.0
      },
      "accuracy": 0.9462809917355371,
      "macro avg": {
        "precision": 0.9423943661971832,
        "recall": 0.9466405972271597,
        "f1-score": 0.9443569925184386,
        "support": 242.0
      },
      "weighted avg": {
        "precision": 0.9468362239553021,
        "recall": 0.9462809917355371,
        "f1-score": 0.9464092583500104,
        "support": 242.0
      }
    },
    "confusion_matrix": {
      "labels": [
        "favorable",
        "non_favorable"
      ],
      "values": [
        [
          92,
          5
        ],
        [
          8,
          137
        ]
      ]
    },
    "log_loss": 0.17839645661238065
  },
  "train_distribution": {
    "favorable": {
      "count": 388,
      "ratio": 0.4008
    },
    "non_favorable": {
      "count": 580,
      "ratio": 0.5992
    }
  },
  "test_distribution": {
    "favorable": {
      "count": 97,
      "ratio": 0.4008
    },
    "non_favorable": {
      "count": 145,
      "ratio": 0.5992
    }
  }
}