{
  "training_datetime_utc": "2026-04-13T16:03:28+00:00",
  "algorithm": "XGBoostClassifier",
  "search": {
    "best_params": {
      "classifier__subsample": 0.7,
      "classifier__reg_lambda": 1.0,
      "classifier__reg_alpha": 2.0,
      "classifier__n_estimators": 1000,
      "classifier__min_child_weight": 3,
      "classifier__max_depth": 8,
      "classifier__learning_rate": 0.08,
      "classifier__gamma": 0.1,
      "classifier__colsample_bytree": 0.65
    },
    "best_cv_score_f1_weighted": 0.8800700422895374
  },
  "test_metrics": {
    "accuracy": 0.9421487603305785,
    "balanced_accuracy": 0.9363668681123356,
    "precision_weighted": 0.9422584998959264,
    "recall_weighted": 0.9421487603305785,
    "f1_weighted": 0.9419333457610968,
    "classification_report": {
      "favorable": {
        "precision": 0.946236559139785,
        "recall": 0.9072164948453608,
        "f1-score": 0.9263157894736842,
        "support": 97.0
      },
      "non_favorable": {
        "precision": 0.9395973154362416,
        "recall": 0.9655172413793104,
        "f1-score": 0.9523809523809523,
        "support": 145.0
      },
      "accuracy": 0.9421487603305785,
      "macro avg": {
        "precision": 0.9429169372880133,
        "recall": 0.9363668681123356,
        "f1-score": 0.9393483709273183,
        "support": 242.0
      },
      "weighted avg": {
        "precision": 0.9422584998959264,
        "recall": 0.9421487603305785,
        "f1-score": 0.9419333457610968,
        "support": 242.0
      }
    },
    "confusion_matrix": {
      "labels": [
        "favorable",
        "non_favorable"
      ],
      "values": [
        [
          88,
          9
        ],
        [
          5,
          140
        ]
      ]
    },
    "log_loss": 0.18874910438031375
  },
  "train_distribution": {
    "favorable": {
      "count": 388,
      "ratio": 0.4008
    },
    "non_favorable": {
      "count": 580,
      "ratio": 0.5992
    }
  },
  "test_distribution": {
    "favorable": {
      "count": 97,
      "ratio": 0.4008
    },
    "non_favorable": {
      "count": 145,
      "ratio": 0.5992
    }
  }
}